"lambda","xi","phi"
3.00969525277175,0.890394351132456,8.96114105333197
3.44833368656017,0.446113740936156,16.9289320830406
2.96006616335489,0.991082995742247,11.9196217895731
3.00969525277175,0.890394351132456,8.96114105333197
3.25197714625912,0.447189078530875,13.5664870739283
5.26686023474373,0.774035374311979,5.45378234978016
3.00969525277175,0.890394351132456,8.96114105333197
6.42313013332872,0.179325220958078,15.1133582732308
5.26686023474373,0.774035374311979,5.45378234978016
3.00969525277175,0.890394351132456,8.96114105333197
4.79704459235651,0.242704405461702,29.1681006352263
3.43893062179858,0.691450347386919,8.66109413110281
3.03931160996731,0.98086656205985,13.3975423691027
5.04756916645991,0.280246052953839,16.225274721138
3.43893062179858,0.691450347386919,8.66109413110281
3.03931160996731,0.98086656205985,13.3975423691027
5.04756916645991,0.280246052953839,16.225274721138
1.78313628564538,0.880760691202865,29.3640788654575
3.03931160996731,0.98086656205985,13.3975423691027
3.29434299121313,0.855670075765159,31.8523955372841
3.10676415956658,0.964219138832932,11.8147561171655
3.03931160996731,0.98086656205985,13.3975423691027
3.70934183145649,0.683116180232285,19.8083924048573
3.10676415956658,0.964219138832932,11.8147561171655
3.03931160996731,0.98086656205985,13.3975423691027
3.71752969373995,0.850253734342132,26.9919326877529
2.8360543330918,0.791508312088404,13.3323187550342
2.56745724436388,0.902728048367152,22.3200819447303
4.73427934705752,0.767227871855415,13.7012867918992
2.8360543330918,0.791508312088404,13.3323187550342
2.56043341883002,0.944635838853689,14.0920426317105
4.73427934705752,0.767227871855415,13.7012867918992
2.8360543330918,0.791508312088404,13.3323187550342
2.5175229683739,0.883448076094612,14.2389364308878
4.73427934705752,0.767227871855415,13.7012867918992
2.44794138250394,0.991543532663795,21.8536545638248
2.73909919751353,0.958050345303256,13.7088665281933
4.13457558107417,0.82847437197769,16.1296022284443
2.52506332051446,0.974420289465222,20.4061410433871
2.73909919751353,0.958050345303256,13.7088665281933
4.13457558107417,0.82847437197769,16.1296022284443
2.52506332051446,0.974420289465222,20.4061410433871
2.73909919751353,0.958050345303256,13.7088665281933
3.0043802667332,0.964894597297578,16.3034064265749
0.543945630749439,0.948484268486341,128.972401930008
2.73909919751353,0.958050345303256,13.7088665281933
3.0043802667332,0.964894597297578,16.3034064265749
5.92233531231779,0.918911210134639,17.097386659283
2.73909919751353,0.958050345303256,13.7088665281933
4.28327931825641,0.820905437947476,9.05576246687164
5.92233531231779,0.918911210134639,17.097386659283
2.73909919751353,0.958050345303256,13.7088665281933
4.28327931825641,0.820905437947476,9.05576246687164
5.77632999727717,0.868377845886258,15.3479782701485
1.65814042511269,0.926080026250861,45.6543475268388
4.28327931825641,0.820905437947476,9.05576246687164
5.94325690199439,0.741007531088916,7.71154858287895
1.35787939455942,0.949862254150813,47.6353269830045
4.28327931825641,0.820905437947476,9.05576246687164
5.94325690199439,0.741007531088916,7.71154858287895
2.51297919340253,0.820007744481462,42.547247969237
1.28592502977357,0.860139954834383,32.0826290369422
5.66314744195395,0.573996753882191,10.6763966300308
5.23251194525876,0.748706378960533,22.4091228566624
3.76254875586316,0.814528493096163,18.0390431015748
6.38412626710701,0.675956330625192,10.1844717714679
1.66737257225856,0.912657372775809,76.4395603236589
4.64200083630421,0.835012980280337,12.7295377748935
5.71032843384262,0.736079763395005,16.3030177559764
3.02814343413121,0.977825839064267,25.8407355666924
6.04589952193803,0.754899171175029,7.38550345360018
5.24891253713602,0.788856121160302,8.7479133389904
3.02814343413121,0.977825839064267,25.8407355666924
5.56580642389421,0.683942827810114,9.33284026269792
5.24891253713602,0.788856121160302,8.7479133389904
3.02814343413121,0.977825839064267,25.8407355666924
3.90868171060902,0.775930910313166,14.9322039395208
3.58646661998606,0.963341038333305,19.3000614892775
3.02814343413121,0.977825839064267,25.8407355666924
5.06062720467027,0.782618195557726,11.7444354443442
3.58646661998606,0.963341038333305,19.3000614892775
3.77864510105868,0.83892040995798,23.8814558523312
3.92093911415272,0.910268674466926,18.4934574088929
2.90602756018735,0.961482011777012,25.9614074414657
3.0303318873769,0.645516499380539,27.8285035154991
5.04997822685683,0.935169216898724,5.97001637217089
2.85397696724047,0.555429470358712,16.9494114457815
3.93512554840377,0.427158783802626,14.5345752285025
1.59021081906796,0.890902429953932,45.1157421029333
3.83385453519218,0.603846745563041,15.276994399553
2.76787600024659,0.577017147525501,15.5490733059232
3.00073398119335,0.683764247641719,23.5836134589678
3.67181209453363,0.61086423415483,16.8010706942215
2.91274046320691,0.763967438425869,46.587849748336
2.27250634328461,0.78812497500921,27.3300751814247
4.37682041955665,0.645954077514052,6.99041940480007
2.58052253733317,0.722574396795536,57.0090078157965
4.26821371572262,0.633794905849902,10.8243127255643
3.00513396800001,0.909404460155465,6.58147422790238
4.1449710871073,0.606746555993547,16.5734840400745
3.93570249043572,0.864700826229986,5.19091256905224
3.00513396800001,0.909404460155465,6.58147422790238
4.1449710871073,0.606746555993547,16.5734840400745
3.62221174874889,0.820232706051394,10.8953967084937
2.36770004034613,0.934377388527022,11.4762637557504
2.08239798913225,0.732361224265676,19.3570321778554
3.54295489708523,0.797941091631378,16.3339082207087
3.63984389711629,0.910937664258101,12.3264702518144
2.08239798913225,0.732361224265676,19.3570321778554
3.13006004156195,0.873719779505718,16.4554196308223
2.885090490726,0.93337276764871,20.9293894633419
7.09509743455376,0.491220178295913,9.72670823646652
2.50022227067721,0.916143433331026,22.608904133787
2.885090490726,0.93337276764871,20.9293894633419
7.09509743455376,0.491220178295913,9.72670823646652
2.50022227067721,0.916143433331026,22.608904133787
2.885090490726,0.93337276764871,20.9293894633419
3.36486734436768,0.548886170979306,24.6197680844167
2.50022227067721,0.916143433331026,22.608904133787
2.885090490726,0.93337276764871,20.9293894633419
3.95185717535086,0.972276692440433,14.8456727440028
2.31178486679169,0.921087859788774,24.216781657033
2.89466084910975,0.931900720048032,20.8733170648669
3.95185717535086,0.972276692440433,14.8456727440028
2.49238649087418,0.936709814013347,19.7756796355221
2.89466084910975,0.931900720048032,20.8733170648669
3.95185717535086,0.972276692440433,14.8456727440028
2.49238649087418,0.936709814013347,19.7756796355221
0.705145766373379,0.930100847317012,42.4073415056835
3.95185717535086,0.972276692440433,14.8456727440028
2.49238649087418,0.936709814013347,19.7756796355221
0.705145766373379,0.930100847317012,42.4073415056835
4.30633990943684,0.912738717791517,17.700604863821
2.49238649087418,0.936709814013347,19.7756796355221
2.58123446415336,0.925346964153096,28.7504983920088
2.45999661580149,0.908891420640322,20.1537875704598
2.49238649087418,0.936709814013347,19.7756796355221
3.02331975962691,0.998157230486548,17.58394863144
4.15385438990891,0.709102155173653,15.6520305030919
4.66209861943399,0.451498255165207,16.5277632565471
3.02331975962691,0.998157230486548,17.58394863144
4.17312240649031,0.487720752660354,16.678161981172
6.47473068910881,0.684721675553087,10.4680615411728
3.02331975962691,0.998157230486548,17.58394863144
3.10350127321531,0.635125157135493,18.5321011509608
3.77297648044747,0.703648421063434,27.8265438256368
3.02331975962691,0.998157230486548,17.58394863144
3.00942572397598,0.798669092840405,14.900234432852
5.35779691439465,0.689829981004375,5.11130970165933
3.02331975962691,0.998157230486548,17.58394863144
3.00942572397598,0.798669092840405,14.900234432852
5.80785990655583,0.531950203264726,6.47648587387972
3.02331975962691,0.998157230486548,17.58394863144
3.00942572397598,0.798669092840405,14.900234432852
6.73138885571707,0.629697332473199,5.41953196319301
2.78276404748713,0.889596936727425,14.8009751999834
3.08785528251884,0.99856132685261,15.0954087256944
5.13618241899925,0.818222026772523,6.28193252228856
3.45201685894125,0.729408542685367,12.0564996101844
3.08785528251884,0.99856132685261,15.0954087256944
3.23171076467662,0.870635117574562,32.8583046503666
3.45201685894125,0.729408542685367,12.0564996101844
1.69266201579994,0.986911806995781,50.7641926927554
3.34695799684155,0.973655586658008,15.8321303442017
2.47152094158823,0.94923642089081,28.3827598021379
2.97875756704888,0.645418701699088,13.0459607867413
3.34695799684155,0.973655586658008,15.8321303442017
2.69120699344558,0.83286417352558,30.646264645094
2.97875756704888,0.645418701699088,13.0459607867413
2.34508098600128,0.784439768071527,28.8497130841971
2.95245697941394,0.879256667708831,35.0138285030669
3.01622183100918,0.464661832523175,8.76627872662641
2.81848092087536,0.952986251308974,13.1195278496899
2.78410082745901,0.797885175691183,16.9130419617846
3.01622183100918,0.464661832523175,8.76627872662641
2.80345016406842,0.966963407034566,12.9956437345602
2.78410082745901,0.797885175691183,16.9130419617846
4.4412415061258,0.942952300438696,18.8400145453162
2.80345016406842,0.966963407034566,12.9956437345602
2.78410082745901,0.797885175691183,16.9130419617846
3.44598191905101,0.845657635276104,36.6965234709863
2.80345016406842,0.966963407034566,12.9956437345602
3.35874572924811,0.823773502041029,21.8925559700703
3.44598191905101,0.845657635276104,36.6965234709863
2.80345016406842,0.966963407034566,12.9956437345602
4.17116796348112,0.952536100465591,17.1203001764504
3.60426925520073,0.79303057997796,45.7651315577908
2.80345016406842,0.966963407034566,12.9956437345602
5.63170829725645,0.925346871908944,9.51664375107251
7.09742298787203,0.211918935577755,30.4297499016118
2.46981993621411,0.866631360172073,34.4058319894611
5.63170829725645,0.925346871908944,9.51664375107251
3.09913465806434,0.896551758406354,21.2706572461987
2.46981993621411,0.866631360172073,34.4058319894611
5.63170829725645,0.925346871908944,9.51664375107251
3.09913465806434,0.896551758406354,21.2706572461987
2.61305671730131,0.676775177613032,19.5483238274263
5.42049934681944,0.48380843911857,11.4158365295018
2.92402092570295,0.848605189514435,42.9316983691023
3.55872440884385,0.58213792526831,13.981278736955
3.73640555916175,0.828751817670477,12.8637769263089
1.76418238451913,0.925663593338186,72.6904943344486
3.71926356126782,0.728129871531616,24.8571327947725
5.18644971346376,0.771159351101706,4.99854828561211
1.37996334191227,0.866724947915021,83.4034572211421
2.83675011791116,0.609845734106766,18.9941215927714
5.18644971346376,0.771159351101706,4.99854828561211
1.01190677779088,0.892337453761207,86.7097935468382
2.01529968054845,0.807432631946418,17.6588877519929
3.33122623705674,0.925662200450703,14.7071641518394
1.01190677779088,0.892337453761207,86.7097935468382
2.01529968054845,0.807432631946418,17.6588877519929
3.33122623705674,0.925662200450703,14.7071641518394
1.50621512324758,0.895106582222628,71.8463780007855
2.01529968054845,0.807432631946418,17.6588877519929
3.26930901986114,0.939957505189106,16.1786491688432
2.6060291716044,0.882873418034936,60.9954136315464
1.94237766410962,0.853107819997822,29.8808652477919
3.18525551003726,0.950348447279241,14.4876574028467
1.27553055705653,0.883948640115969,81.4839168203257
3.64535104556568,0.812609196303433,7.27058166549531
3.18525551003726,0.950348447279241,14.4876574028467
1.24460768183626,0.860441218117418,81.8285603668736
3.64535104556568,0.812609196303433,7.27058166549531
3.34647447458409,0.985325696125713,14.3156059326609
1.31146891698833,0.943091547918562,79.7333842962869
3.94981339570585,0.70019483459325,13.1711068631419
3.34647447458409,0.985325696125713,14.3156059326609
1.31146891698833,0.943091547918562,79.7333842962869
2.82651997830087,0.668228639666178,48.3640205464726
3.34647447458409,0.985325696125713,14.3156059326609
1.31146891698833,0.943091547918562,79.7333842962869
2.89102145763407,0.631129778017025,43.4722243816038
3.34647447458409,0.985325696125713,14.3156059326609
1.36793285097222,0.943278027888256,78.4971069850061
2.89102145763407,0.631129778017025,43.4722243816038
3.34647447458409,0.985325696125713,14.3156059326609
1.36793285097222,0.943278027888256,78.4971069850061
2.97127706271998,0.683450808074306,47.1352898618803
3.61082008979281,0.988381745710882,10.6276352771307
1.36793285097222,0.943278027888256,78.4971069850061
1.73875359990516,0.945098111851599,49.1229872716563
4.65227445463454,0.844921490546236,9.53570060042619
1.20208321132607,0.942730286461246,82.1283833079972
1.73875359990516,0.945098111851599,49.1229872716563
3.00042437816986,0.916275600904529,13.044507361698
1.48986566568146,0.946603213896611,84.3627935543567
0.910519241494684,0.969635693359536,66.9068649034581
3.00042437816986,0.916275600904529,13.044507361698
1.10773740607963,0.867440974150369,94.3040969966004
0.910519241494684,0.969635693359536,66.9068649034581
3.00042437816986,0.916275600904529,13.044507361698
1.10773740607963,0.867440974150369,94.3040969966004
0.584334917795553,0.991230134402979,56.4721150850113
2.43690389841297,0.955041002133612,13.8441501832275
1.10773740607963,0.867440974150369,94.3040969966004
0.584334917795553,0.991230134402979,56.4721150850113
1.48862614810321,0.973149935334032,20.3026138068199
2.1067281895822,0.772173614747274,70.0943266122096
0.584334917795553,0.991230134402979,56.4721150850113
1.48862614810321,0.973149935334032,20.3026138068199
2.22577974829738,0.817009808657075,68.9178469801924
0.584334917795553,0.991230134402979,56.4721150850113
1.48862614810321,0.973149935334032,20.3026138068199
1.7433226294144,0.851487989107105,62.3931109065217
0.584334917795553,0.991230134402979,56.4721150850113
2.61583144886229,0.647404031706923,14.3114328011103
3.21458058223953,0.87108312977119,10.7098914113776
1.37258956144159,0.993468900122719,43.9038623988279
5.45295495706565,0.549310590694312,10.6139174684647
2.73333565988323,0.905206876108518,17.2368658419666
1.3692551139089,0.999138583804815,43.0283605096938
4.44114848349476,0.774372803712906,6.49305911758198
2.9428443279672,0.887454771109935,12.5283331065234
1.3692551139089,0.999138583804815,43.0283605096938
3.64146438525412,0.828211147066275,10.2333462464526
3.07201305976041,0.99743499260735,15.3315396672722
1.72496088000876,0.956201937267361,46.8593937905945
3.64146438525412,0.828211147066275,10.2333462464526
3.07201305976041,0.99743499260735,15.3315396672722
2.50350205312803,0.979758444460277,28.1779808876871
3.9256849473675,0.868318032249567,14.1084283496993
3.07201305976041,0.99743499260735,15.3315396672722
2.79357776833355,0.969046793080421,25.6340711971535
3.93893668785679,0.930163369765336,15.3414081184219
3.07201305976041,0.99743499260735,15.3315396672722
2.52149699134373,0.919406239426957,27.554941618491
3.93893668785679,0.930163369765336,15.3414081184219
3.08511555936136,0.997949329073631,14.9994569466291
2.52149699134373,0.919406239426957,27.554941618491
3.03462346344309,0.895821513119092,20.3321265104304
3.08511555936136,0.997949329073631,14.9994569466291
1.77157245793071,0.979915730873161,32.6033102021304
3.17767793375947,0.752663283305732,21.5639867180184
3.54176674509679,0.776035647204117,11.8292708510164
1.82336897060521,0.987198206987449,30.1089861729045
2.62952662116523,0.810798639203117,22.8416174599442
2.91542606518383,0.711321570870296,18.6564987888284
1.82336897060521,0.987198206987449,30.1089861729045
4.27098267165309,0.931669945556069,17.9330063002549
3.61966862855687,0.580950149460499,6.74166412544202
1.32293074715848,0.991170422304399,30.9150223557083
5.62655132258604,0.982898075843992,12.1513066178884
3.61966862855687,0.580950149460499,6.74166412544202
1.32293074715848,0.991170422304399,30.9150223557083
5.62655132258604,0.982898075843992,12.1513066178884
4.06013811497965,0.863284895789989,16.8120780487222
1.32293074715848,0.991170422304399,30.9150223557083
5.62655132258604,0.982898075843992,12.1513066178884
3.10507416213913,0.931418599697691,14.5384618913468
1.07436067902837,0.972393542809842,71.7659763226352
5.62655132258604,0.982898075843992,12.1513066178884
3.10507416213913,0.931418599697691,14.5384618913468
1.07436067902837,0.972393542809842,71.7659763226352
2.74146746031718,0.882055036306783,15.3935295058901
3.10507416213913,0.931418599697691,14.5384618913468
1.07436067902837,0.972393542809842,71.7659763226352
2.75633728052151,0.95550266530778,17.6586741270975
1.93568016603658,0.910065926591416,6.33345456646496
1.07436067902837,0.972393542809842,71.7659763226352
2.75633728052151,0.95550266530778,17.6586741270975
3.11381893079582,0.763673813116744,17.5091172312872
0.790801305378794,0.986270149293746,76.3700911450107
2.75633728052151,0.95550266530778,17.6586741270975
1.68163334238078,0.891123266870586,44.7893164189926
0.897993446168001,0.983277044876138,74.334066485692
2.75633728052151,0.95550266530778,17.6586741270975
5.5797341926113,0.840349607880374,15.193673522131
0.897993446168001,0.983277044876138,74.334066485692
5.39008698555953,0.723756436316675,6.81562663903002
5.68668843089339,0.871798421604639,15.8285662686509
0.991193053421651,0.982769724238682,71.245040285606
2.15943539122284,0.936760872689878,23.7297680261797
5.68668843089339,0.871798421604639,15.8285662686509
0.87308846149349,0.992127574712358,45.3492271094784
3.02598414020801,0.964937104619271,24.1008988697104
7.29263139684879,0.7900571468934,7.99405755184588
0.87308846149349,0.992127574712358,45.3492271094784
3.02598414020801,0.964937104619271,24.1008988697104
6.26380823060288,0.813130553377617,6.71147761167142
0.87308846149349,0.992127574712358,45.3492271094784
0.798809773663982,0.830787509076995,79.7064836154309
6.26380823060288,0.813130553377617,6.71147761167142
2.37950929251815,0.855741650158448,38.60310051929
0.798809773663982,0.830787509076995,79.7064836154309
5.89666262758873,0.684362126689927,6.93918749025849
2.37950929251815,0.855741650158448,38.60310051929
1.16581924469673,0.76883509992859,93.76265669131
5.89666262758873,0.684362126689927,6.93918749025849
2.37950929251815,0.855741650158448,38.60310051929
2.39683503771064,0.165376879610009,89.7325493609114
5.89666262758873,0.684362126689927,6.93918749025849
2.37950929251815,0.855741650158448,38.60310051929
4.24675416488336,0.191365565275923,57.3859364590241
6.32404256789609,0.70825861129531,9.05982296908111
2.37950929251815,0.855741650158448,38.60310051929
3.66277016856589,0.248232274013772,8.15084381728096
5.6428530242399,0.765697215263593,12.2674782811151
4.75994463328581,0.889290672380373,17.5684723205694
4.34595975932976,0.141150144874417,8.11463675516078
5.6428530242399,0.765697215263593,12.2674782811151
3.54603107854502,0.891040367990457,23.7758804252149
4.05248046495505,0.0495924373695348,7.74813140546141
3.77402590950573,0.852649923436158,15.7785568719924
2.85911991304152,0.911612130169284,24.1895610369021
4.1937254531677,0.198101953089626,7.14378735246509
3.77402590950573,0.852649923436158,15.7785568719924
4.16104261973785,0.92775119015708,14.6810746997636
4.77497586177625,0.0561580637398051,5.47150995546274
4.32956063778626,0.562722190120558,2.65292224172568
3.91820092005529,0.889695947668449,16.2380244958059
4.16877399467039,0.205602874832156,3.02046990899352
4.18975037777261,0.504917301369463,26.3270647349464
2.60200716487063,0.943553451099538,13.5900188430143
2.72132871381829,0.574052785243956,63.9005971072885
4.73401942728612,0.907700828291387,10.1819127489029
2.60200716487063,0.943553451099538,13.5900188430143
1.5281927548085,0.812801739829348,85.8952537295614
1.43909450672223,0.916423578654755,31.9391388431373
6.98408411125128,0.757695816452764,5.29867881214965
2.8672724696259,0.497756006701863,97.6804092782565
3.02563319917722,0.665501649739792,25.0461721219619
5.04586505336976,0.846098749846301,9.36059858269725
3.41140913210482,0.402857727029715,28.4554000117514
3.73425636164349,0.646062994881721,8.6364219389481
2.55491447179613,0.902591795837876,12.3663746123535
4.94046873940649,0.368606801724299,23.5403159584208
4.01475122143604,0.554466876064459,8.18251602463191
4.04670620507557,0.794950154254324,24.6581237088398
5.16777239874965,0.643608962743818,19.4607036143052
4.46137612793486,0.809337458569653,8.05449259738358
3.97134504477683,0.850111008058439,15.1308057297338
6.130253244206,0.669819019699229,10.3879340478314
4.46137612793486,0.809337458569653,8.05449259738358
3.97134504477683,0.850111008058439,15.1308057297338
5.5397742519747,0.648192899044787,9.93384569718531
4.11194503993187,0.8179030853628,9.21039119698296
4.10559824353697,0.903756054688824,23.4494372686415
5.5397742519747,0.648192899044787,9.93384569718531
4.11194503993187,0.8179030853628,9.21039119698296
4.15993188308517,0.996140525391828,10.3038361020118
4.77732951587268,0.878442220437017,16.733898367871
4.11194503993187,0.8179030853628,9.21039119698296
4.15993188308517,0.996140525391828,10.3038361020118
4.95474325934579,0.964463383546373,6.95128183082537
4.13928311808819,0.816739409330999,8.30451319183484
4.15993188308517,0.996140525391828,10.3038361020118
4.95474325934579,0.964463383546373,6.95128183082537
4.13928311808819,0.816739409330999,8.30451319183484
4.15993188308517,0.996140525391828,10.3038361020118
2.79718266647832,0.868288423553209,19.3907440594174
4.03120374364134,0.958652248537654,15.0860404993088
2.86564657085481,0.954921597507673,16.5153240783861
5.52322816225534,0.948453574824858,7.28973671242478
4.03120374364134,0.958652248537654,15.0860404993088
2.86564657085481,0.954921597507673,16.5153240783861
5.52322816225534,0.948453574824858,7.28973671242478
3.58889762910179,0.906833700458485,8.82778743287389
3.9616700341954,0.93523312977193,15.5421059899322
5.52322816225534,0.948453574824858,7.28973671242478
2.20908643254849,0.938940239265006,23.955389589564
3.9616700341954,0.93523312977193,15.5421059899322
4.94968353768767,0.890195335668648,12.650699352135
2.20908643254849,0.938940239265006,23.955389589564
3.36906587230509,0.875396534787023,14.299061509358
4.94968353768767,0.890195335668648,12.650699352135
2.78747598659002,0.944686931586986,23.6876814587733
1.78924748085907,0.824050779091042,24.2421707342861
6.35807096746202,0.878437786609615,6.34685739607296
2.78747598659002,0.944686931586986,23.6876814587733
1.78924748085907,0.824050779091042,24.2421707342861
4.17433302231297,0.954422683226732,6.44633049364831
3.52199854796101,0.984888635333305,11.5350369163389
1.78924748085907,0.824050779091042,24.2421707342861
3.35157496368775,0.979374621563662,16.9007100088715
3.69381180495973,0.665890533194195,10.5105710765404
1.34143765202183,0.761535379449905,42.1221884674838
1.4753936215648,0.919918871087383,37.5085900858302
3.01820844369974,0.670910645343857,11.1573872612835
1.61730003080291,0.876971124791162,58.9400134167927
3.57597756533796,0.737898285454657,17.7639992454612
4.08494865233419,0.753193347533968,30.3615252301342
1.61730003080291,0.876971124791162,58.9400134167927
3.17681070567129,0.925800187608955,19.8077853315688
3.25754767782341,0.490680118199345,12.8307922712406
1.68317025972162,0.896086787894026,59.7006159713126
2.79489238842391,0.747353739200636,10.1442636275861
3.34776529792386,0.340045902787772,40.3834953866622
1.68317025972162,0.896086787894026,59.7006159713126
5.24432383078866,0.828180486470352,8.86361161448743
3.37198028955739,0.221777765098528,14.6687991214013
1.68317025972162,0.896086787894026,59.7006159713126
5.69555395765149,0.799918060741266,8.23089476913903
4.94955553062855,0.674652232702468,8.82435867486024
1.15070348683588,0.897644894494286,68.1397607932515
6.23102695207726,0.805855688848772,7.33626915134299
6.58948679943711,0.626404690181744,4.621240699784
1.32659674113139,0.844040944135499,77.3419432625517
6.23102695207726,0.805855688848772,7.33626915134299
7.8599864636548,0.804823542572274,4.03807374717113
1.65047736299069,0.938061135764877,69.531333950322
5.44445806330467,0.751537126667983,9.92692705856426
5.43436930795996,0.985033000792835,8.79256638871408
1.82383376734071,0.937793092454269,61.4016122670053
3.19641920438294,0.570961307955748,9.68022774665639
3.19064430906214,0.925158716333357,25.1066515733668
1.49973338983274,0.965077687322886,66.8532516092166
3.19641920438294,0.570961307955748,9.68022774665639
2.9166415500854,0.928601401353207,18.2655173476995
3.99288928761112,0.914106263663191,7.33959155549522
3.4662949863363,0.614434156113562,13.6080558384134
4.18587043169763,0.91840794065103,10.9610477333277
2.71954320662571,0.947672111757941,11.8681919860216
4.76042033342624,0.771422343045596,7.78456699141692
4.18587043169763,0.91840794065103,10.9610477333277
2.41203830592447,0.588230231976396,14.2371811430267
4.66739249966645,0.920633074257637,8.16291004608557
4.18587043169763,0.91840794065103,10.9610477333277
2.41203830592447,0.588230231976396,14.2371811430267
4.87696492692606,0.958275341365453,8.03965470674899
4.18587043169763,0.91840794065103,10.9610477333277
3.04226308123486,0.150010941418434,5.60722286728148
5.52907530802458,0.95709029414887,11.5931499067815
3.27105485100236,0.959096230612131,10.229609165682
4.97505655910741,0.30954987568478,9.63506863145467
5.52907530802458,0.95709029414887,11.5931499067815
4.23172405559393,0.882484497662377,7.83387251092905
5.07398660140458,0.602085703936175,7.68221581095948
5.52907530802458,0.95709029414887,11.5931499067815
4.23172405559393,0.882484497662377,7.83387251092905
4.84504207382618,0.573511376712161,8.72703273266514
5.52907530802458,0.95709029414887,11.5931499067815
4.14276787940197,0.857789525115604,17.0034813770518
2.56050716476726,0.990119608152482,20.4643893951879
5.21102655802533,0.815212071702107,19.3866007688859
4.14276787940197,0.857789525115604,17.0034813770518
3.30848292208921,0.919423640414179,11.822491051724
5.70596351723876,0.821452429276574,6.29175633889506
4.14276787940197,0.857789525115604,17.0034813770518
3.3616509057208,0.91729984534086,11.0301239042045
2.55771330394955,0.771128080854848,13.3039960501186
1.87043795497186,0.668847895084203,35.3650058026656
3.3616509057208,0.91729984534086,11.0301239042045
2.55771330394955,0.771128080854848,13.3039960501186
3.46149892060465,0.874286759147239,29.8078889130685
3.3616509057208,0.91729984534086,11.0301239042045
2.46411255015767,0.867634315223304,17.1291262210168
3.46149892060465,0.874286759147239,29.8078889130685
3.45473576690697,0.972777728489311,10.0719257660764
3.42897276864252,0.702683464838691,20.8186909577613
0.849846683668106,0.968910620281736,56.624900274346
3.45473576690697,0.972777728489311,10.0719257660764
2.92429818888346,0.348480185823963,38.298865626014
0.956908730643641,0.924686794420639,62.0495158691085
3.23272017773296,0.901387624934325,15.3879738346916
1.95262525471054,0.956625870963275,41.837814786579
1.59555095040414,0.850566843298009,49.1762613631499
2.47619488411449,0.973620270427883,11.4417879078563
1.95262525471054,0.956625870963275,41.837814786579
1.59555095040414,0.850566843298009,49.1762613631499
3.22686945977966,0.917573595697171,13.648838324361
1.46586073897397,0.909484752242059,43.3493174583944
1.59555095040414,0.850566843298009,49.1762613631499
1.74492764876472,0.970752356176625,24.4661354448133
3.45217018465597,0.646285300548114,26.4703600552293
4.71994144020825,0.785707024935811,15.4187951808706
1.56706373366393,0.993664019714759,43.8745142048756
4.33174643986043,0.937513063691135,23.6966006478182
3.85446096187076,0.575640826719851,17.871465922531
1.56706373366393,0.993664019714759,43.8745142048756
5.42450302875006,0.889166333952921,12.4174604614775
3.2341791897646,0.876230807635551,12.8946449064481
3.92459033217108,0.864093750380178,10.6861477267753
5.8496110884407,0.967963392143756,12.4962238975128
3.2341791897646,0.876230807635551,12.8946449064481
3.92459033217108,0.864093750380178,10.6861477267753
4.2605323905801,0.98044790332509,19.9638426385497
2.6842159955525,0.831820261623498,20.9079019880528
3.92459033217108,0.864093750380178,10.6861477267753
4.61712737200865,0.755676741152562,13.2964740869678
2.17526258548779,0.965198304084017,33.5169357219179
2.46899710569199,0.868230866085385,29.7936834731786
3.71604603816967,0.750246361063955,15.6142850878422
3.92466833315396,0.93022330836226,14.651336942675
3.8937547324837,0.972509004348628,11.9993041803939
1.98324929887478,0.888384044538304,26.9257409854245
3.83835740571503,0.957717085652643,23.7244086157666
3.8937547324837,0.972509004348628,11.9993041803939
3.89391598451591,0.797125152310727,18.6941576036787
2.17621385598041,0.92363394364773,27.0121199742609
2.79406090252735,0.988006060853299,10.2436418239538
3.89391598451591,0.797125152310727,18.6941576036787
2.46891385310614,0.946170595138777,10.7413489024629
2.20391857504818,0.872420709628177,22.0526161051945
2.21010109111943,0.85274215358212,26.8989330856343
2.46891385310614,0.946170595138777,10.7413489024629
2.20391857504818,0.872420709628177,22.0526161051945
2.46353815287889,0.793765499889583,16.3028952227578
3.33146847622464,0.977912103664054,8.11460379092402
2.20391857504818,0.872420709628177,22.0526161051945
2.46353815287889,0.793765499889583,16.3028952227578
3.30620380376635,0.977505780337911,8.47690809435175
2.21603383326145,0.880135768123831,20.6503762346799
1.88073838076979,0.920472137766962,19.3930471332491
5.35945780422686,0.971069713512919,5.07644955384693
2.96756559805465,0.866571027817433,7.14418064916696
5.05768101391145,0.809979059256802,10.5364524180546
5.35945780422686,0.971069713512919,5.07644955384693
3.02231636078189,0.973242204376982,5.36421063782145
5.05768101391145,0.809979059256802,10.5364524180546
5.35945780422686,0.971069713512919,5.07644955384693
2.40560429278008,0.857284642473644,29.8881537564364
3.02550850549102,0.739211629536579,31.3909938267176
5.35945780422686,0.971069713512919,5.07644955384693
2.81073558536969,0.810076383094405,26.9952068766605
4.98020482245524,0.73371973748681,16.9937811185788
2.9333906583488,0.795874321841774,20.1255674444496
3.49551086962593,0.754511031997945,20.5687743863791
3.02864095430223,0.455801676745311,23.9499580749222
2.89518740727217,0.800698209978238,21.7566204194262
3.49551086962593,0.754511031997945,20.5687743863791
2.59308706820086,0.486204760638546,12.3672998923641
2.89518740727217,0.800698209978238,21.7566204194262
2.82330111388251,0.882547687039926,19.4467944943638
2.97989057735665,0.433344235811839,13.7120047864612
6.24415978823427,0.930545883677904,6.7797328570514
1.90780531136305,0.993124656942888,27.0974086018832
2.76577808008594,0.961551898187682,13.2805603212191
6.24415978823427,0.930545883677904,6.7797328570514
1.90780531136305,0.993124656942888,27.0974086018832
2.76577808008594,0.961551898187682,13.2805603212191
5.44748527331609,0.587021538106182,8.50572057700168
1.90780531136305,0.993124656942888,27.0974086018832
2.76577808008594,0.961551898187682,13.2805603212191
5.5061972738928,0.59625009730547,7.84936735817167
1.90780531136305,0.993124656942888,27.0974086018832
2.76577808008594,0.961551898187682,13.2805603212191
4.00918854582791,0.691207212098753,18.010579301233
2.54614805203146,0.988085996189465,14.5131762348111
2.76577808008594,0.961551898187682,13.2805603212191
4.49903018715133,0.631055467845187,26.7437137062433
2.54614805203146,0.988085996189465,14.5131762348111
3.7853356639811,0.875763299917374,15.117056248834
5.30454774710143,0.606504433521586,18.0167763927801
2.54614805203146,0.988085996189465,14.5131762348111
2.7272852985901,0.672908598368587,7.21660722070384
5.5996042064225,0.510435873766558,21.0959437741365
2.54614805203146,0.988085996189465,14.5131762348111
5.20147695065687,0.155079414290503,25.5279811081777
3.21512988687877,0.519134890855939,20.8740308215792
2.54614805203146,0.988085996189465,14.5131762348111
4.36406795746457,0.093050377933309,49.519802222353
3.38835474663956,0.989704807127492,19.0226470704989
3.67191161894665,0.996692898346786,13.313325449924
3.25901687785222,0.360424422518642,0.304690716210179
2.94178086298239,0.872254426390525,16.3926620350286
3.67191161894665,0.996692898346786,13.313325449924
3.25901687785222,0.360424422518642,0.304690716210179
3.63704426580376,0.920614397520907,12.0754751628925
4.33547405749732,0.951517750212022,12.5352645139434
3.31487213925783,0.101346202605063,5.92497044335604
3.63704426580376,0.920614397520907,12.0754751628925
2.74153266098205,0.965695763841362,26.7897275393109
3.48791879805881,0.460389380838826,23.1547944532152
3.63704426580376,0.920614397520907,12.0754751628925
2.74153266098205,0.965695763841362,26.7897275393109
1.47744167719534,0.967724291543642,22.6071691267229
1.60745970949474,0.988856409888246,27.8905410303217
2.62156681442793,0.922380413996585,23.8998772757823
1.86520357174852,0.922326269630123,23.8952309108635
2.59474995877996,0.927153788998321,28.1460093394385
2.16930421716445,0.973896648540715,30.67230930059
1.67748689142764,0.960473494435885,11.2120302038427
2.59474995877996,0.927153788998321,28.1460093394385
2.16930421716445,0.973896648540715,30.67230930059
1.44034294237825,0.929734892109542,15.8280373839679
4.45313181905397,0.776561080288279,25.1876320644995
2.16930421716445,0.973896648540715,30.67230930059
1.44034294237825,0.929734892109542,15.8280373839679
4.35562608417994,0.865496248211664,26.0593671661757
2.16930421716445,0.973896648540715,30.67230930059
2.58382966222019,0.69013228181118,15.0415044648897
3.01960823987456,0.844591440059557,32.447787562314
1.96805816268801,0.876073581268107,19.2040958880424
4.52625915918269,0.579655119961516,4.83265742812207
4.39089637506287,0.850896794130019,12.2002191348893
1.96805816268801,0.876073581268107,19.2040958880424
4.40910105564316,0.63570008416296,8.784901522047
4.30758730855379,0.794599508440405,11.2493666036392
2.94493304585901,0.86983945957477,16.0157566480376
3.59805757567914,0.689856896670093,13.6611759875651
3.50373883441053,0.915212195120785,13.3242936623893
2.94493304585901,0.86983945957477,16.0157566480376
1.84894077526846,0.821740070721061,34.2879935202709
3.50373883441053,0.915212195120785,13.3242936623893
2.94493304585901,0.86983945957477,16.0157566480376
3.63866832301211,0.809451278829797,15.3479274062058
3.50373883441053,0.915212195120785,13.3242936623893
2.57659768586909,0.968928597264782,21.7856912864115
3.36003484804903,0.958888483042794,11.1744192816518
3.50373883441053,0.915212195120785,13.3242936623893
2.57659768586909,0.968928597264782,21.7856912864115
2.21837791610107,0.99450363700639,16.8152080267088
3.50373883441053,0.915212195120785,13.3242936623893
1.74545913492176,0.892693165648755,38.0332549811983
2.21837791610107,0.99450363700639,16.8152080267088
5.66925448540962,0.902262635665638,8.65615740429149
1.59801364008942,0.93590081234403,51.8085963019975
2.21837791610107,0.99450363700639,16.8152080267088
3.74622943806825,0.961095431292605,24.065478313543
2.30498265813743,0.962317720898522,43.025472130974
2.21837791610107,0.99450363700639,16.8152080267088
4.19583233306815,0.913732946548858,19.6252666590706
1.35389803618723,0.847745963528896,63.5515654567886
4.52725453700354,0.982984986257537,12.8624686901975
4.19583233306815,0.913732946548858,19.6252666590706
2.56294577630571,0.788717361316186,51.4256236808364
3.03112781728751,0.969890764712524,15.1606651266313
4.9325465003991,0.755572993086951,21.1538728400024
2.06507790539175,0.817110513829421,48.7402585724461
2.7589730312843,0.944956219371132,19.1325419175603
5.95140360665181,0.774285714794094,11.4319482505682
2.06507790539175,0.817110513829421,48.7402585724461
2.41841731556618,0.945084641474748,24.949524218362
3.45926365290248,0.817526406248484,25.0290678690838
2.06507790539175,0.817110513829421,48.7402585724461
1.72274744415634,0.970800719938019,34.0783945694569
2.91041344264378,0.927043676758287,12.2087972258962
2.89097070724375,0.455440060455701,50.8386077864224
2.62181879165633,0.842506370676036,12.1084386666206
3.28349123449402,0.886855713336729,13.730659941095
4.33208630218981,0.280592293961256,46.7269781240737
2.96325871311608,0.756025982129029,16.3670700280652
5.09987384579493,0.837934442018553,11.7194936215406
3.76459540451556,0.706133807295985,44.1738551845037
3.52504040722873,0.849121424489683,18.0936259676877
5.12551139942434,0.834058908602937,12.8392427466163
3.98854943220339,0.661274668070561,46.3783597024985
4.78676337417499,0.716557608794398,13.5451427809647
5.12551139942434,0.834058908602937,12.8392427466163
4.62578466997771,0.756587451650211,21.6046450526583
4.49234955002769,0.872292806689624,8.8299673182312
5.43493477194219,0.864142681120484,6.5301286768275
5.64617221303511,0.756556208100718,16.5004492345577
2.05235610660454,0.871680710169112,59.5169284419354
3.16623776575913,0.91238469061837,20.1830748877097
0.746251912735196,0.942815661270691,24.3819972769597
1.71659626870526,0.902025567002563,67.7179380931064
2.76459680096627,0.938695566318055,14.9120342797556
3.80057313425432,0.542922222551555,12.2580978013888
2.65291096643778,0.828290077045192,10.8723378232853
2.76459680096627,0.938695566318055,14.9120342797556
2.55600705898594,0.459687299726914,16.7183055561103
2.65291096643778,0.828290077045192,10.8723378232853
3.10702351988747,0.991179723366446,17.1506819822821
1.63000764452035,0.765072587922393,16.2487582900219
3.97751446835407,0.784397864386535,17.6357160543073
3.99158558205083,0.883384163263864,15.0507421154697
1.63000764452035,0.765072587922393,16.2487582900219
1.67027533519311,0.867609454789761,28.5319227358601
3.99158558205083,0.883384163263864,15.0507421154697
1.27682753646244,0.935952382832292,67.0008806792171
1.86793930436044,0.972125067544799,27.532501005781
3.99158558205083,0.883384163263864,15.0507421154697
5.18348635574185,0.828267415483744,11.1090235196227
3.82124428867457,0.660481564591092,22.4425629337472
3.03503572504216,0.886605043872152,16.9119915573393
3.42234742619047,0.700483572811419,13.8271448062867
4.65849135215144,0.566803736379475,12.5069608910169
5.13312276896251,0.950837565531243,8.8990593881699
2.41528925614954,0.897511593446032,34.4877796853855
5.02759606401927,0.726266804020267,11.7761180880695
5.41672824359705,0.833492635811342,12.1858759314934
0.815167642084865,0.98549718144904,52.2687567684662
6.17695495440681,0.744151136958972,7.14708484073213
5.71653707476396,0.835663766897235,6.97334622066106
0.815167642084865,0.98549718144904,52.2687567684662
6.17695495440681,0.744151136958972,7.14708484073213
4.66793798179724,0.756334311421592,12.1764987627567
3.59350471509857,0.890884715773222,5.31229062619428
5.50884056634331,0.665089722744511,12.5983386849417
4.82269659697519,0.616668561093518,13.8672691408895
1.35087924976373,0.929753658812382,31.6150451875524
5.21408276288692,0.804448441717965,16.1356941780116
5.93034052599863,0.743785303251217,10.4450333392254
1.8494512636273,0.905563759849267,46.6971085452404
5.3990087132326,0.828266289630857,11.6012807862754
6.28052409474841,0.902680392520029,5.63007259707441
2.38689276773125,0.916898474858851,23.9079698578719
5.3990087132326,0.828266289630857,11.6012807862754
4.43853523354015,0.96235410702889,10.3102945635219
2.38689276773125,0.916898474858851,23.9079698578719
3.54086000896134,0.858739124822485,5.16985432684625
4.43853523354015,0.96235410702889,10.3102945635219
3.00803229488196,0.92334504512911,23.4793722415138
3.54086000896134,0.858739124822485,5.16985432684625
3.63775403505005,0.969871212628065,7.08376442857477
2.41165075134349,0.933231108568775,34.4048838936391
3.69247335520178,0.874436755559736,29.3959594261846
3.63775403505005,0.969871212628065,7.08376442857477
2.41165075134349,0.933231108568775,34.4048838936391
1.21066520903674,0.849383685997674,57.8214241421629
1.75010551281663,0.913036181677226,33.7189125203455
5.45236904147364,0.858175990252751,9.1138671839622
2.23424952763365,0.890206698168252,34.0325292553092
2.65721238882417,0.929771263628848,22.1336806467526
5.45236904147364,0.858175990252751,9.1138671839622
2.71791964982309,0.837568391663779,10.4206885843869
3.31908589500395,0.973492108244571,14.7180616853207
6.59628405555023,0.664095151613989,6.40233519724476
1.95801306715574,0.937696217220015,13.1048792240376
3.31908589500395,0.973492108244571,14.7180616853207
4.00679388781466,0.762280378949968,12.3110845089762
1.95801306715574,0.937696217220015,13.1048792240376
3.31908589500395,0.973492108244571,14.7180616853207
3.81025203041794,0.380438466840377,11.4968369814604
1.95801306715574,0.937696217220015,13.1048792240376
3.31908589500395,0.973492108244571,14.7180616853207
4.59491356649644,0.507651120646749,4.28439344667829
1.95801306715574,0.937696217220015,13.1048792240376
3.31908589500395,0.973492108244571,14.7180616853207
3.45045047370907,0.685658950904252,25.607443260941
1.95801306715574,0.937696217220015,13.1048792240376
3.45854106994069,0.975383522567113,17.1151754492614
7.1694402732807,0.672855614408112,8.34714882724561
2.43533545373918,0.899314678369817,10.181875239462
1.97071212883863,0.957238397421923,34.1460757990908
6.03226539891215,0.804258505202606,15.2876924136464
2.43533545373918,0.899314678369817,10.181875239462
1.56482650535513,0.878898939488011,32.8942747360605
4.72777195155075,0.76415475063274,26.7031769395761
2.43533545373918,0.899314678369817,10.181875239462
1.56482650535513,0.878898939488011,32.8942747360605
4.87072726583821,0.775221068468551,7.53332383464794
1.62200411865507,0.945348176226688,21.6067539350396
5.42282192767195,0.825889693534672,6.02011169816111
4.87072726583821,0.775221068468551,7.53332383464794
1.62200411865507,0.945348176226688,21.6067539350396
5.40652457179343,0.918200589065074,24.7748598060519
4.07563611106094,0.705536350933701,20.5372634655561
2.3696627076625,0.966433077538496,19.7899131000939
3.63683003972534,0.897395847247811,13.5104604637732
1.81505706486078,0.872187139506833,42.1677497794083
2.3696627076625,0.966433077538496,19.7899131000939
2.49183815678669,0.999585157285327,24.313761025767
1.81505706486078,0.872187139506833,42.1677497794083
2.35692494367064,0.894004582571826,24.719795190669
2.49183815678669,0.999585157285327,24.313761025767
1.27464104223513,0.915730567976694,43.5186143594829
2.35692494367064,0.894004582571826,24.719795190669
3.51000996882627,0.908732522877428,21.7477985171943
1.86473774155367,0.968158971486787,36.3299051825962
2.35692494367064,0.894004582571826,24.719795190669
5.53386001531219,0.97862970478376,10.8281001277054
2.82255678199365,0.929238325245182,16.8202302274483
2.64022500199632,0.891774157320167,20.5400852366271
5.53386001531219,0.97862970478376,10.8281001277054
1.78019606732336,0.91211692616848,26.5930178838388
4.85665770962247,0.970602564240105,14.8743587076977
2.12274352639955,0.882795443318886,21.7283993931431
1.85169577615105,0.861566013275652,35.735914939926
2.77408189839559,0.963196818433229,22.4398823626294
3.30799034261877,0.974241127534235,15.4695032918954
3.84769867222917,0.624661443972294,26.0243325109989
2.0878220050484,0.905518402412531,33.3419920857832
2.2075136082143,0.644704891392661,117.600563404692
5.54096834760229,0.96910747353,14.1347015795565
4.43641748517542,0.956176766827158,19.9059087591638
2.21826349163746,0.591819823762052,126.798858851253
3.91813459907828,0.975007696652363,23.1666793954126
4.43641748517542,0.956176766827158,19.9059087591638
3.46490710392321,0.648701645307608,27.427643515688
3.91813459907828,0.975007696652363,23.1666793954126
4.43641748517542,0.956176766827158,19.9059087591638
4.84986529213716,0.569372481596625,21.1201960833509
3.73643377333087,0.965545422562916,11.6594814030023
4.43641748517542,0.956176766827158,19.9059087591638
5.18632618448461,0.913436467003688,9.08836591833159
1.83537469344997,0.498482327111154,8.75943994513449
3.26706694262276,0.947896599460698,27.1218531564179
3.13962828183893,0.920283958274534,14.7425024847202
2.28226538772795,0.644444916141389,95.7934993709947
1.64261229515318,0.821282112262335,54.3333511710306
3.43565165370842,0.9813777517637,14.9305291846921
3.24725994868559,0.862599098442696,38.0072852706501
0.457263633718758,0.986300974855887,68.5464278656072
3.43565165370842,0.9813777517637,14.9305291846921
6.43174641270684,0.568539686619793,18.7712805646949
1.04658786839353,0.895425305980788,71.0971728193998
3.43565165370842,0.9813777517637,14.9305291846921
3.30301276760268,0.624120319001221,14.4366916948636
1.43951747363765,0.974187561595881,33.7436604891668
3.43565165370842,0.9813777517637,14.9305291846921
5.10680543121494,0.915764294629442,10.4319728065896
3.83318494089937,0.967100552254293,7.58846566012586
2.44907161182143,0.736444740903983,20.1065258738638
5.10680543121494,0.915764294629442,10.4319728065896
3.83318494089937,0.967100552254293,7.58846566012586
3.41981391331412,0.691834743798906,16.3685149725223
5.10680543121494,0.915764294629442,10.4319728065896
3.83318494089937,0.967100552254293,7.58846566012586
5.57021175097122,0.285975450937532,16.386856583632
4.39014737636936,0.98043889060792,13.607812060584
6.01636190598702,0.596360004743799,23.9169953156115
4.34558572020136,0.0400290578324501,8.20599209086985
4.39014737636936,0.98043889060792,13.607812060584
1.16437526101017,0.721740578858303,58.622636791795
4.22098325137109,0.0726637317124384,12.863570385876
1.77377156205523,0.950766895280616,28.5536227923141
0.793137268123012,0.880642570552752,64.5308496561442
3.18700418692568,0.324942591850303,11.549606929802
3.8003921719453,0.974710639713968,13.255842777342
2.31976378640617,0.860927261739268,23.804165174375
3.18700418692568,0.324942591850303,11.549606929802
3.90714352751761,0.952732937804485,20.9233005256643
3.23778368864442,0.829552337805887,14.896299913049
4.33389263836659,0.881901625010085,16.3098330695435
5.01860785798039,0.893281326190615,6.11190048678615
3.52726529133987,0.857887707046201,11.4459469098428
4.33389263836659,0.881901625010085,16.3098330695435
3.86770843226933,0.877002384156744,18.230462696703
3.92995729435723,0.873249666626811,21.5396557290744
2.98881059010375,0.944568957763444,27.3026041755176
3.16920936516107,0.940036674356097,15.3027683093551
4.31939091678855,0.682687335000797,23.7773058742268
1.85364677726418,0.950756044162466,57.9515984715526
3.16920936516107,0.940036674356097,15.3027683093551
5.39679291049464,0.502650721402307,7.13211423435252
1.79906488222366,0.975324088108464,43.8227527706266
3.16920936516107,0.940036674356097,15.3027683093551
3.16884126292167,0.535569111345318,25.7704827905334
1.79906488222366,0.975324088108464,43.8227527706266
3.5804791127676,0.941641564568863,14.649266000662
1.7814860822637,0.827366573703342,40.3707405725685
3.98929160216206,0.951211197279704,18.1714005184332
3.5804791127676,0.941641564568863,14.649266000662
2.2411946306738,0.949545294147475,32.4827944519741
4.41457386305156,0.91464715840294,10.4420942716268
3.5804791127676,0.941641564568863,14.649266000662
2.2411946306738,0.949545294147475,32.4827944519741
5.42383305725104,0.641978483219019,14.4573498344015
2.38020290445287,0.880849535870207,16.2958335479891
2.13415482660166,0.993239200009192,38.4283338997805
1.29297302118928,0.96075240561212,14.5900746168009
2.29938115495955,0.918743197685458,33.9386461537221
5.86072856093826,0.932736232198159,15.1842201273174
1.29297302118928,0.96075240561212,14.5900746168009
1.28242068063845,0.980251448484124,52.2436511373056
3.94341150296385,0.459435952622455,25.8388608030563
3.59408773317868,0.914002641839017,11.4086324620952
1.28242068063845,0.980251448484124,52.2436511373056
3.94341150296385,0.459435952622455,25.8388608030563
3.10062296558615,0.918708118120227,20.6472234238703
1.35834693449968,0.971517753292821,50.1620798433929
3.94270173920114,0.945630229864519,15.5078716176647
3.51207186834095,0.893783471441024,13.8908458967754
2.78504950005668,0.376032592849748,37.6257288953157
1.93285115508819,0.897525598811531,31.4156183894779
3.01171742456831,0.638012096596372,14.0948382637697
3.45805438257022,0.756804090848666,12.979801448744
4.03343791101644,0.92638563766169,9.8552369188409
1.37629730652509,0.91228372074851,44.9370990723456
2.80121611597387,0.942808137538652,12.2302148231741
3.69653560862054,0.500912918522413,53.4155018491548
1.31681571469769,0.985474499949163,32.6887908957423
2.80121611597387,0.942808137538652,12.2302148231741
5.67006663104128,0.649462693309408,12.5438440494633
1.82589686752765,0.919454687634533,29.6194955219845
3.13410136149432,0.883430584655965,9.22298073913531
4.52628821553699,0.729863019072584,8.49606910448784
1.46217738966242,0.994656305774329,33.9463708966511
2.18705887423713,0.905666720501731,41.8583852597887
2.06106975215944,0.888129993117323,14.6802838758884
3.32197164662639,0.80970391828824,31.2943484830884
0.955486044870033,0.987062026229072,42.959797992914
2.2676238651174,0.860636538358907,13.5215901218864
3.82978128656671,0.747459220768239,7.46003825929311
0.955486044870033,0.987062026229072,42.959797992914
2.2676238651174,0.860636538358907,13.5215901218864
5.47871258286237,0.722566236270306,5.99402447879674
0.955486044870033,0.987062026229072,42.959797992914
6.02675503245726,0.751064215946781,9.12230574628222
5.03404411379333,0.74801870050994,9.34010311843668
1.78877317372968,0.989422807744388,34.4679107530983
4.6716856834031,0.880253264260336,13.5403477700975
3.90972410462932,0.99024339746489,6.22471795314641
2.11699202821686,0.909711959552388,17.5693993724699
4.77922317804547,0.875357245489504,12.8712967468349
3.90972410462932,0.99024339746489,6.22471795314641
2.65521125810492,0.778819993325875,18.9530945186703
4.77922317804547,0.875357245489504,12.8712967468349
2.74112308842113,0.928566748745863,9.66351769750369
4.21808176584846,0.638905963385628,9.49124166874845
4.77922317804547,0.875357245489504,12.8712967468349
3.88341880260297,0.761319516737833,10.3228729179557
5.20871066432663,0.675576564311876,16.1213927769836
4.26398583379071,0.801405140093378,4.46801613647651
5.04617441176229,0.778355564447832,10.1980787993049
5.20871066432663,0.675576564311876,16.1213927769836
3.31339277654751,0.858715798928587,16.502313305846
2.49622105331828,0.74761623406415,12.285417894159
6.43006379978094,0.920945270179442,12.9102163107711
4.19617732565843,0.863173349640669,7.59463163088647
3.05346646400108,0.7330892130328,9.40266208180701
5.41585023239571,0.105962962296326,11.2361084432368
2.69213567505305,0.981894498476382,17.3379140204109
1.80374999983802,0.900255111878698,83.1964550607513
6.0594365400792,0.0366529268403418,10.6804557388942
2.69213567505305,0.981894498476382,17.3379140204109
1.5945027080136,0.882612761536408,82.7714426482087
3.96469323967911,0.0173044215596667,40.9736096422812
2.69213567505305,0.981894498476382,17.3379140204109
1.58798181984194,0.882859165295036,81.4478992436615
3.96469323967911,0.0173044215596667,40.9736096422812
5.68462936737155,0.901669489500169,9.58588054107048
1.42827743064022,0.773352852512091,85.4285459478844
2.77573705810429,0.497474402933205,57.6612896889501
4.12832236750026,0.736173088362151,9.50359492443573
5.64133372665331,0.645310634831901,16.6967404450314
2.69617308218355,0.77048632079462,61.3910225780254
2.92219089137376,0.989935589734065,27.7920480610099
5.64133372665331,0.645310634831901,16.6967404450314
1.23710424483816,0.881284393736609,64.7343108747112
2.92219089137376,0.989935589734065,27.7920480610099
8.66582284740472,0.552475640500131,6.81903725632989
1.26809142033231,0.897986209864093,47.7657607012928
6.1519419032476,0.943564333629646,10.0754636269064
8.3204440697174,0.783995965964179,11.0958971428276
1.26809142033231,0.897986209864093,47.7657607012928
4.6680757190333,0.885601345869361,13.1063530596171
8.4590079336128,0.920876008023875,7.60280691959936
1.82106694606475,0.964779514089434,41.703135602413
4.6680757190333,0.885601345869361,13.1063530596171
5.39871199104943,0.908468951513279,16.0025935840187
1.32465597358903,0.921670153187653,50.7229744135068
4.6680757190333,0.885601345869361,13.1063530596171
1.91079392446797,0.955945857284608,33.6707369073498
4.21109148937741,0.877215697172813,5.66610891853957
4.6680757190333,0.885601345869361,13.1063530596171
1.59189284415346,0.984679683808887,36.6617649562735
4.83222788214631,0.710463956007502,7.02590107341227
4.6680757190333,0.885601345869361,13.1063530596171
